filename,label
audio/non-stego\wav10s_00001.wav,0
audio/non-stego\wav10s_00002.wav,0
audio/non-stego\wav10s_00003.wav,0
audio/non-stego\wav10s_00004.wav,0
audio/non-stego\wav10s_00005.wav,0
audio/non-stego\wav10s_00006.wav,0
audio/non-stego\wav10s_00007.wav,0
audio/non-stego\wav10s_00008.wav,0
audio/non-stego\wav10s_00009.wav,0
audio/non-stego\wav10s_00010.wav,0
audio/non-stego\wav10s_00011.wav,0
audio/non-stego\wav10s_00012.wav,0
audio/non-stego\wav10s_00013.wav,0
audio/non-stego\wav10s_00014.wav,0
audio/non-stego\wav10s_00015.wav,0
audio/non-stego\wav10s_00016.wav,0
audio/non-stego\wav10s_00017.wav,0
audio/non-stego\wav10s_00018.wav,0
audio/non-stego\wav10s_00019.wav,0
audio/non-stego\wav10s_00020.wav,0
audio/non-stego\wav10s_00021.wav,0
audio/non-stego\wav10s_00022.wav,0
audio/non-stego\wav10s_00023.wav,0
audio/non-stego\wav10s_00024.wav,0
audio/non-stego\wav10s_00025.wav,0
audio/non-stego\wav10s_00026.wav,0
audio/non-stego\wav10s_00027.wav,0
audio/non-stego\wav10s_00028.wav,0
audio/non-stego\wav10s_00029.wav,0
audio/non-stego\wav10s_00030.wav,0
audio/non-stego\wav10s_00031.wav,0
audio/non-stego\wav10s_00032.wav,0
audio/non-stego\wav10s_00033.wav,0
audio/non-stego\wav10s_00034.wav,0
audio/non-stego\wav10s_00035.wav,0
audio/non-stego\wav10s_00036.wav,0
audio/non-stego\wav10s_00037.wav,0
audio/non-stego\wav10s_00038.wav,0
audio/non-stego\wav10s_00039.wav,0
audio/non-stego\wav10s_00040.wav,0
audio/non-stego\wav10s_00041.wav,0
audio/non-stego\wav10s_00042.wav,0
audio/non-stego\wav10s_00043.wav,0
audio/non-stego\wav10s_00044.wav,0
audio/non-stego\wav10s_00045.wav,0
audio/non-stego\wav10s_00046.wav,0
audio/non-stego\wav10s_00047.wav,0
audio/non-stego\wav10s_00048.wav,0
audio/non-stego\wav10s_00049.wav,0
audio/non-stego\wav10s_00050.wav,0
audio/non-stego\wav10s_00051.wav,0
audio/non-stego\wav10s_00052.wav,0
audio/non-stego\wav10s_00053.wav,0
audio/non-stego\wav10s_00054.wav,0
audio/non-stego\wav10s_00055.wav,0
audio/non-stego\wav10s_00056.wav,0
audio/non-stego\wav10s_00057.wav,0
audio/non-stego\wav10s_00058.wav,0
audio/non-stego\wav10s_00059.wav,0
audio/non-stego\wav10s_00060.wav,0
audio/non-stego\wav10s_00061.wav,0
audio/non-stego\wav10s_00062.wav,0
audio/non-stego\wav10s_00063.wav,0
audio/non-stego\wav10s_00064.wav,0
audio/non-stego\wav10s_00065.wav,0
audio/non-stego\wav10s_00066.wav,0
audio/non-stego\wav10s_00067.wav,0
audio/non-stego\wav10s_00068.wav,0
audio/non-stego\wav10s_00069.wav,0
audio/non-stego\wav10s_00070.wav,0
audio/non-stego\wav10s_00071.wav,0
audio/non-stego\wav10s_00072.wav,0
audio/non-stego\wav10s_00073.wav,0
audio/non-stego\wav10s_00074.wav,0
audio/non-stego\wav10s_00075.wav,0
audio/non-stego\wav10s_00076.wav,0
audio/non-stego\wav10s_00077.wav,0
audio/non-stego\wav10s_00078.wav,0
audio/non-stego\wav10s_00079.wav,0
audio/non-stego\wav10s_00080.wav,0
audio/non-stego\wav10s_00081.wav,0
audio/non-stego\wav10s_00082.wav,0
audio/non-stego\wav10s_00083.wav,0
audio/non-stego\wav10s_00084.wav,0
audio/non-stego\wav10s_00085.wav,0
audio/non-stego\wav10s_00086.wav,0
audio/non-stego\wav10s_00087.wav,0
audio/non-stego\wav10s_00088.wav,0
audio/non-stego\wav10s_00089.wav,0
audio/non-stego\wav10s_00090.wav,0
audio/non-stego\wav10s_00091.wav,0
audio/non-stego\wav10s_00092.wav,0
audio/non-stego\wav10s_00093.wav,0
audio/non-stego\wav10s_00094.wav,0
audio/non-stego\wav10s_00095.wav,0
audio/non-stego\wav10s_00096.wav,0
audio/non-stego\wav10s_00097.wav,0
audio/non-stego\wav10s_00098.wav,0
audio/non-stego\wav10s_00099.wav,0
audio/non-stego\wav10s_00100.wav,0
audio/non-stego\wav10s_00101.wav,0
audio/non-stego\wav10s_00102.wav,0
audio/non-stego\wav10s_00103.wav,0
audio/non-stego\wav10s_00104.wav,0
audio/non-stego\wav10s_00105.wav,0
audio/non-stego\wav10s_00106.wav,0
audio/non-stego\wav10s_00107.wav,0
audio/non-stego\wav10s_00108.wav,0
audio/non-stego\wav10s_00109.wav,0
audio/non-stego\wav10s_00110.wav,0
audio/non-stego\wav10s_00111.wav,0
audio/non-stego\wav10s_00112.wav,0
audio/non-stego\wav10s_00113.wav,0
audio/non-stego\wav10s_00114.wav,0
audio/non-stego\wav10s_00115.wav,0
audio/non-stego\wav10s_00116.wav,0
audio/non-stego\wav10s_00117.wav,0
audio/non-stego\wav10s_00118.wav,0
audio/non-stego\wav10s_00119.wav,0
audio/non-stego\wav10s_00120.wav,0
audio/non-stego\wav10s_00121.wav,0
audio/non-stego\wav10s_00122.wav,0
audio/non-stego\wav10s_00123.wav,0
audio/non-stego\wav10s_00124.wav,0
audio/non-stego\wav10s_00125.wav,0
audio/non-stego\wav10s_00126.wav,0
audio/non-stego\wav10s_00127.wav,0
audio/non-stego\wav10s_00128.wav,0
audio/non-stego\wav10s_00129.wav,0
audio/non-stego\wav10s_00130.wav,0
audio/non-stego\wav10s_00131.wav,0
audio/non-stego\wav10s_00132.wav,0
audio/non-stego\wav10s_00133.wav,0
audio/non-stego\wav10s_00134.wav,0
audio/non-stego\wav10s_00135.wav,0
audio/non-stego\wav10s_00136.wav,0
audio/non-stego\wav10s_00137.wav,0
audio/non-stego\wav10s_00138.wav,0
audio/non-stego\wav10s_00139.wav,0
audio/non-stego\wav10s_00140.wav,0
audio/non-stego\wav10s_00141.wav,0
audio/non-stego\wav10s_00142.wav,0
audio/non-stego\wav10s_00143.wav,0
audio/non-stego\wav10s_00144.wav,0
audio/non-stego\wav10s_00145.wav,0
audio/non-stego\wav10s_00146.wav,0
audio/non-stego\wav10s_00147.wav,0
audio/non-stego\wav10s_00148.wav,0
audio/non-stego\wav10s_00149.wav,0
audio/non-stego\wav10s_00150.wav,0
audio/non-stego\wav10s_00151.wav,0
audio/non-stego\wav10s_00152.wav,0
audio/non-stego\wav10s_00153.wav,0
audio/non-stego\wav10s_00154.wav,0
audio/non-stego\wav10s_00155.wav,0
audio/non-stego\wav10s_00156.wav,0
audio/non-stego\wav10s_00157.wav,0
audio/non-stego\wav10s_00158.wav,0
audio/non-stego\wav10s_00159.wav,0
audio/non-stego\wav10s_00160.wav,0
audio/non-stego\wav10s_00161.wav,0
audio/non-stego\wav10s_00162.wav,0
audio/non-stego\wav10s_00163.wav,0
audio/non-stego\wav10s_00164.wav,0
audio/non-stego\wav10s_00165.wav,0
audio/non-stego\wav10s_00166.wav,0
audio/non-stego\wav10s_00167.wav,0
audio/non-stego\wav10s_00168.wav,0
audio/non-stego\wav10s_00169.wav,0
audio/non-stego\wav10s_00170.wav,0
audio/non-stego\wav10s_00171.wav,0
audio/non-stego\wav10s_00172.wav,0
audio/non-stego\wav10s_00173.wav,0
audio/non-stego\wav10s_00174.wav,0
audio/non-stego\wav10s_00175.wav,0
audio/non-stego\wav10s_00176.wav,0
audio/non-stego\wav10s_00177.wav,0
audio/non-stego\wav10s_00178.wav,0
audio/non-stego\wav10s_00179.wav,0
audio/non-stego\wav10s_00180.wav,0
audio/non-stego\wav10s_00181.wav,0
audio/non-stego\wav10s_00182.wav,0
audio/non-stego\wav10s_00183.wav,0
audio/non-stego\wav10s_00184.wav,0
audio/non-stego\wav10s_00185.wav,0
audio/non-stego\wav10s_00186.wav,0
audio/non-stego\wav10s_00187.wav,0
audio/non-stego\wav10s_00188.wav,0
audio/non-stego\wav10s_00189.wav,0
audio/non-stego\wav10s_00190.wav,0
audio/non-stego\wav10s_00191.wav,0
audio/non-stego\wav10s_00192.wav,0
audio/non-stego\wav10s_00193.wav,0
audio/non-stego\wav10s_00194.wav,0
audio/non-stego\wav10s_00195.wav,0
audio/non-stego\wav10s_00196.wav,0
audio/non-stego\wav10s_00197.wav,0
audio/non-stego\wav10s_00198.wav,0
audio/non-stego\wav10s_00199.wav,0
audio/non-stego\wav10s_00200.wav,0
audio/non-stego\wav10s_00201.wav,0
audio/non-stego\wav10s_00202.wav,0
audio/non-stego\wav10s_00203.wav,0
audio/non-stego\wav10s_00204.wav,0
audio/non-stego\wav10s_00205.wav,0
audio/non-stego\wav10s_00206.wav,0
audio/non-stego\wav10s_00207.wav,0
audio/non-stego\wav10s_00208.wav,0
audio/non-stego\wav10s_00209.wav,0
audio/non-stego\wav10s_00210.wav,0
audio/non-stego\wav10s_00211.wav,0
audio/non-stego\wav10s_00212.wav,0
audio/non-stego\wav10s_00213.wav,0
audio/non-stego\wav10s_00214.wav,0
audio/non-stego\wav10s_00215.wav,0
audio/non-stego\wav10s_00216.wav,0
audio/non-stego\wav10s_00217.wav,0
audio/non-stego\wav10s_00218.wav,0
audio/non-stego\wav10s_00219.wav,0
audio/non-stego\wav10s_00220.wav,0
audio/non-stego\wav10s_00221.wav,0
audio/non-stego\wav10s_00222.wav,0
audio/non-stego\wav10s_00223.wav,0
audio/non-stego\wav10s_00224.wav,0
audio/non-stego\wav10s_00225.wav,0
audio/non-stego\wav10s_00226.wav,0
audio/non-stego\wav10s_00227.wav,0
audio/non-stego\wav10s_00228.wav,0
audio/non-stego\wav10s_00229.wav,0
audio/non-stego\wav10s_00230.wav,0
audio/non-stego\wav10s_00231.wav,0
audio/non-stego\wav10s_00232.wav,0
audio/non-stego\wav10s_00233.wav,0
audio/non-stego\wav10s_00234.wav,0
audio/non-stego\wav10s_00235.wav,0
audio/non-stego\wav10s_00236.wav,0
audio/non-stego\wav10s_00237.wav,0
audio/non-stego\wav10s_00238.wav,0
audio/non-stego\wav10s_00239.wav,0
audio/non-stego\wav10s_00240.wav,0
audio/non-stego\wav10s_00241.wav,0
audio/non-stego\wav10s_00242.wav,0
audio/non-stego\wav10s_00243.wav,0
audio/non-stego\wav10s_00244.wav,0
audio/non-stego\wav10s_00245.wav,0
audio/non-stego\wav10s_00246.wav,0
audio/non-stego\wav10s_00247.wav,0
audio/non-stego\wav10s_00248.wav,0
audio/non-stego\wav10s_00249.wav,0
audio/non-stego\wav10s_00250.wav,0
audio/non-stego\wav10s_00251.wav,0
audio/non-stego\wav10s_00252.wav,0
audio/non-stego\wav10s_00253.wav,0
audio/non-stego\wav10s_00254.wav,0
audio/non-stego\wav10s_00255.wav,0
audio/non-stego\wav10s_00256.wav,0
audio/non-stego\wav10s_00257.wav,0
audio/non-stego\wav10s_00258.wav,0
audio/non-stego\wav10s_00259.wav,0
audio/non-stego\wav10s_00260.wav,0
audio/non-stego\wav10s_00261.wav,0
audio/non-stego\wav10s_00262.wav,0
audio/non-stego\wav10s_00263.wav,0
audio/non-stego\wav10s_00264.wav,0
audio/non-stego\wav10s_00265.wav,0
audio/non-stego\wav10s_00266.wav,0
audio/non-stego\wav10s_00267.wav,0
audio/non-stego\wav10s_00268.wav,0
audio/non-stego\wav10s_00269.wav,0
audio/non-stego\wav10s_00270.wav,0
audio/non-stego\wav10s_00271.wav,0
audio/non-stego\wav10s_00272.wav,0
audio/non-stego\wav10s_00273.wav,0
audio/non-stego\wav10s_00274.wav,0
audio/non-stego\wav10s_00275.wav,0
audio/non-stego\wav10s_00276.wav,0
audio/non-stego\wav10s_00277.wav,0
audio/non-stego\wav10s_00278.wav,0
audio/non-stego\wav10s_00279.wav,0
audio/non-stego\wav10s_00280.wav,0
audio/non-stego\wav10s_00281.wav,0
audio/non-stego\wav10s_00282.wav,0
audio/non-stego\wav10s_00283.wav,0
audio/non-stego\wav10s_00284.wav,0
audio/non-stego\wav10s_00285.wav,0
audio/non-stego\wav10s_00286.wav,0
audio/non-stego\wav10s_00287.wav,0
audio/non-stego\wav10s_00288.wav,0
audio/non-stego\wav10s_00289.wav,0
audio/non-stego\wav10s_00290.wav,0
audio/non-stego\wav10s_00291.wav,0
audio/non-stego\wav10s_00292.wav,0
audio/non-stego\wav10s_00293.wav,0
audio/non-stego\wav10s_00294.wav,0
audio/non-stego\wav10s_00295.wav,0
audio/non-stego\wav10s_00296.wav,0
audio/non-stego\wav10s_00297.wav,0
audio/non-stego\wav10s_00298.wav,0
audio/non-stego\wav10s_00299.wav,0
audio/non-stego\wav10s_00300.wav,0
audio/stego\stego_001.wav,1
audio/stego\stego_002.wav,1
audio/stego\stego_003.wav,1
audio/stego\stego_004.wav,1
audio/stego\stego_005.wav,1
audio/stego\stego_006.wav,1
audio/stego\stego_007.wav,1
audio/stego\stego_008.wav,1
audio/stego\stego_009.wav,1
audio/stego\stego_010.wav,1
audio/stego\stego_011.wav,1
audio/stego\stego_012.wav,1
audio/stego\stego_013.wav,1
audio/stego\stego_014.wav,1
audio/stego\stego_015.wav,1
audio/stego\stego_016.wav,1
audio/stego\stego_017.wav,1
audio/stego\stego_018.wav,1
audio/stego\stego_019.wav,1
audio/stego\stego_020.wav,1
audio/stego\stego_021.wav,1
audio/stego\stego_022.wav,1
audio/stego\stego_023.wav,1
audio/stego\stego_024.wav,1
audio/stego\stego_025.wav,1
audio/stego\stego_026.wav,1
audio/stego\stego_027.wav,1
audio/stego\stego_028.wav,1
audio/stego\stego_029.wav,1
audio/stego\stego_030.wav,1
audio/stego\stego_031.wav,1
audio/stego\stego_032.wav,1
audio/stego\stego_033.wav,1
audio/stego\stego_034.wav,1
audio/stego\stego_035.wav,1
audio/stego\stego_036.wav,1
audio/stego\stego_037.wav,1
audio/stego\stego_038.wav,1
audio/stego\stego_039.wav,1
audio/stego\stego_040.wav,1
audio/stego\stego_041.wav,1
audio/stego\stego_042.wav,1
audio/stego\stego_043.wav,1
audio/stego\stego_044.wav,1
audio/stego\stego_045.wav,1
audio/stego\stego_046.wav,1
audio/stego\stego_047.wav,1
audio/stego\stego_048.wav,1
audio/stego\stego_049.wav,1
audio/stego\stego_050.wav,1
audio/stego\stego_051.wav,1
audio/stego\stego_052.wav,1
audio/stego\stego_053.wav,1
audio/stego\stego_054.wav,1
audio/stego\stego_055.wav,1
audio/stego\stego_056.wav,1
audio/stego\stego_057.wav,1
audio/stego\stego_058.wav,1
audio/stego\stego_059.wav,1
audio/stego\stego_060.wav,1
audio/stego\stego_061.wav,1
audio/stego\stego_062.wav,1
audio/stego\stego_063.wav,1
audio/stego\stego_064.wav,1
audio/stego\stego_065.wav,1
audio/stego\stego_066.wav,1
audio/stego\stego_067.wav,1
audio/stego\stego_068.wav,1
audio/stego\stego_069.wav,1
audio/stego\stego_070.wav,1
audio/stego\stego_071.wav,1
audio/stego\stego_072.wav,1
audio/stego\stego_073.wav,1
audio/stego\stego_074.wav,1
audio/stego\stego_075.wav,1
audio/stego\stego_076.wav,1
audio/stego\stego_077.wav,1
audio/stego\stego_078.wav,1
audio/stego\stego_079.wav,1
audio/stego\stego_080.wav,1
audio/stego\stego_081.wav,1
audio/stego\stego_082.wav,1
audio/stego\stego_083.wav,1
audio/stego\stego_084.wav,1
audio/stego\stego_085.wav,1
audio/stego\stego_086.wav,1
audio/stego\stego_087.wav,1
audio/stego\stego_088.wav,1
audio/stego\stego_089.wav,1
audio/stego\stego_090.wav,1
audio/stego\stego_091.wav,1
audio/stego\stego_092.wav,1
audio/stego\stego_093.wav,1
audio/stego\stego_094.wav,1
audio/stego\stego_095.wav,1
audio/stego\stego_096.wav,1
audio/stego\stego_097.wav,1
audio/stego\stego_098.wav,1
audio/stego\stego_099.wav,1
audio/stego\stego_100.wav,1
audio/stego\stego_101.wav,1
audio/stego\stego_102.wav,1
audio/stego\stego_103.wav,1
audio/stego\stego_104.wav,1
audio/stego\stego_105.wav,1
audio/stego\stego_106.wav,1
audio/stego\stego_107.wav,1
audio/stego\stego_108.wav,1
audio/stego\stego_109.wav,1
audio/stego\stego_110.wav,1
audio/stego\stego_111.wav,1
audio/stego\stego_112.wav,1
audio/stego\stego_113.wav,1
audio/stego\stego_114.wav,1
audio/stego\stego_115.wav,1
audio/stego\stego_116.wav,1
audio/stego\stego_117.wav,1
audio/stego\stego_118.wav,1
audio/stego\stego_119.wav,1
audio/stego\stego_120.wav,1
audio/stego\stego_121.wav,1
audio/stego\stego_122.wav,1
audio/stego\stego_123.wav,1
audio/stego\stego_124.wav,1
audio/stego\stego_125.wav,1
audio/stego\stego_126.wav,1
audio/stego\stego_127.wav,1
audio/stego\stego_128.wav,1
audio/stego\stego_129.wav,1
audio/stego\stego_130.wav,1
audio/stego\stego_131.wav,1
audio/stego\stego_132.wav,1
audio/stego\stego_133.wav,1
audio/stego\stego_134.wav,1
audio/stego\stego_135.wav,1
audio/stego\stego_136.wav,1
audio/stego\stego_137.wav,1
audio/stego\stego_138.wav,1
audio/stego\stego_139.wav,1
audio/stego\stego_140.wav,1
audio/stego\stego_141.wav,1
audio/stego\stego_142.wav,1
audio/stego\stego_143.wav,1
audio/stego\stego_144.wav,1
audio/stego\stego_145.wav,1
audio/stego\stego_146.wav,1
audio/stego\stego_147.wav,1
audio/stego\stego_148.wav,1
audio/stego\stego_149.wav,1
audio/stego\stego_150.wav,1
audio/stego\stego_151.wav,1
audio/stego\stego_152.wav,1
audio/stego\stego_153.wav,1
audio/stego\stego_154.wav,1
audio/stego\stego_155.wav,1
audio/stego\stego_156.wav,1
audio/stego\stego_157.wav,1
audio/stego\stego_158.wav,1
audio/stego\stego_159.wav,1
audio/stego\stego_160.wav,1
audio/stego\stego_161.wav,1
audio/stego\stego_162.wav,1
audio/stego\stego_163.wav,1
audio/stego\stego_164.wav,1
audio/stego\stego_165.wav,1
audio/stego\stego_166.wav,1
audio/stego\stego_167.wav,1
audio/stego\stego_168.wav,1
audio/stego\stego_169.wav,1
audio/stego\stego_170.wav,1
audio/stego\stego_171.wav,1
audio/stego\stego_172.wav,1
audio/stego\stego_173.wav,1
audio/stego\stego_174.wav,1
audio/stego\stego_175.wav,1
audio/stego\stego_176.wav,1
audio/stego\stego_177.wav,1
audio/stego\stego_178.wav,1
audio/stego\stego_179.wav,1
audio/stego\stego_180.wav,1
audio/stego\stego_181.wav,1
audio/stego\stego_182.wav,1
audio/stego\stego_183.wav,1
audio/stego\stego_184.wav,1
audio/stego\stego_185.wav,1
audio/stego\stego_186.wav,1
audio/stego\stego_187.wav,1
audio/stego\stego_188.wav,1
audio/stego\stego_189.wav,1
audio/stego\stego_190.wav,1
audio/stego\stego_191.wav,1
audio/stego\stego_192.wav,1
audio/stego\stego_193.wav,1
audio/stego\stego_194.wav,1
audio/stego\stego_195.wav,1
audio/stego\stego_196.wav,1
audio/stego\stego_197.wav,1
audio/stego\stego_198.wav,1
audio/stego\stego_199.wav,1
audio/stego\stego_200.wav,1
audio/stego\stego_201.wav,1
audio/stego\stego_202.wav,1
audio/stego\stego_203.wav,1
audio/stego\stego_204.wav,1
audio/stego\stego_205.wav,1
audio/stego\stego_206.wav,1
audio/stego\stego_207.wav,1
audio/stego\stego_208.wav,1
audio/stego\stego_209.wav,1
audio/stego\stego_210.wav,1
audio/stego\stego_211.wav,1
audio/stego\stego_212.wav,1
audio/stego\stego_213.wav,1
audio/stego\stego_214.wav,1
audio/stego\stego_215.wav,1
audio/stego\stego_216.wav,1
audio/stego\stego_217.wav,1
audio/stego\stego_218.wav,1
audio/stego\stego_219.wav,1
audio/stego\stego_220.wav,1
audio/stego\stego_221.wav,1
audio/stego\stego_222.wav,1
audio/stego\stego_223.wav,1
audio/stego\stego_224.wav,1
audio/stego\stego_225.wav,1
audio/stego\stego_226.wav,1
audio/stego\stego_227.wav,1
audio/stego\stego_228.wav,1
audio/stego\stego_229.wav,1
audio/stego\stego_230.wav,1
audio/stego\stego_231.wav,1
audio/stego\stego_232.wav,1
audio/stego\stego_233.wav,1
audio/stego\stego_234.wav,1
audio/stego\stego_235.wav,1
audio/stego\stego_236.wav,1
audio/stego\stego_237.wav,1
audio/stego\stego_238.wav,1
audio/stego\stego_239.wav,1
audio/stego\stego_240.wav,1
audio/stego\stego_241.wav,1
audio/stego\stego_242.wav,1
audio/stego\stego_243.wav,1
audio/stego\stego_244.wav,1
audio/stego\stego_245.wav,1
audio/stego\stego_246.wav,1
audio/stego\stego_247.wav,1
audio/stego\stego_248.wav,1
audio/stego\stego_249.wav,1
audio/stego\stego_250.wav,1
audio/stego\stego_251.wav,1
audio/stego\stego_252.wav,1
audio/stego\stego_253.wav,1
audio/stego\stego_254.wav,1
audio/stego\stego_255.wav,1
audio/stego\stego_256.wav,1
audio/stego\stego_257.wav,1
audio/stego\stego_258.wav,1
audio/stego\stego_259.wav,1
audio/stego\stego_260.wav,1
audio/stego\stego_261.wav,1
audio/stego\stego_262.wav,1
audio/stego\stego_263.wav,1
audio/stego\stego_264.wav,1
audio/stego\stego_265.wav,1
audio/stego\stego_266.wav,1
audio/stego\stego_267.wav,1
audio/stego\stego_268.wav,1
audio/stego\stego_269.wav,1
audio/stego\stego_270.wav,1
audio/stego\stego_271.wav,1
audio/stego\stego_272.wav,1
audio/stego\stego_273.wav,1
audio/stego\stego_274.wav,1
audio/stego\stego_275.wav,1
audio/stego\stego_276.wav,1
audio/stego\stego_277.wav,1
audio/stego\stego_278.wav,1
audio/stego\stego_279.wav,1
audio/stego\stego_280.wav,1
audio/stego\stego_281.wav,1
audio/stego\stego_282.wav,1
audio/stego\stego_283.wav,1
audio/stego\stego_284.wav,1
audio/stego\stego_285.wav,1
audio/stego\stego_286.wav,1
audio/stego\stego_287.wav,1
audio/stego\stego_288.wav,1
audio/stego\stego_289.wav,1
audio/stego\stego_290.wav,1
audio/stego\stego_291.wav,1
audio/stego\stego_292.wav,1
audio/stego\stego_293.wav,1
audio/stego\stego_294.wav,1
audio/stego\stego_295.wav,1
audio/stego\stego_296.wav,1
audio/stego\stego_297.wav,1
audio/stego\stego_298.wav,1
audio/stego\stego_299.wav,1
audio/stego\stego_300.wav,1
